{"loss":0.20221770478663847,"_wandb":{"runtime":0},"_runtime":0,"_timestamp":1.772254357948398e+09,"_step":7,"acc":0.8388578747483523}